,Yields,Predicted Yields
0,65,43.00625
1,50,51.757514578558705
2,83,44.96
3,65,72.2
4,90,43.5
5,60,62.35867450196863
6,58,62.25536904761905
7,37,63.1
8,36,30.73256313131313
9,75,62.35867450196863
