,Yields,Predicted Yields
0,65.0,79.24478399193687
1,50.0,74.28705519295808
2,83.0,81.51912587412589
3,65.0,70.09613830613831
4,90.0,83.5229024290553
5,60.0,74.51416952307241
6,58.0,75.6994522126051
7,37.0,67.27
8,36.0,76.07022993488282
9,75.0,47.53878216554687
