,Yields,Predicted Yields
0,82,68.55502014841025
1,80,65.08546365914786
2,98,68.55502014841025
3,83,65.35222832722832
4,64,68.55502014841025
5,96,52.07869047619047
6,99,44.74202380952381
7,0,53.91369047619047
8,72,68.55502014841025
9,1,68.55502014841025
