,Yields,Predicted Yields
0,65.0,76.6957773018362
1,50.0,66.11107102548443
2,83.0,87.36075437428067
3,65.0,67.40477915140414
4,90.0,71.78480986415543
5,60.0,65.12074143840483
6,58.0,70.35829279859435
7,37.0,71.39
8,36.0,69.06612213777083
9,75.0,65.12074143840483
