,Yields,Predicted Yields
0,65.0,69.83129
1,50.0,52.767395
2,83.0,78.06386
3,65.0,55.77409
4,90.0,48.77638
5,60.0,52.92694
6,58.0,61.570045
7,37.0,70.34261
8,36.0,52.75968
9,75.0,52.92694
