,Yields,Predicted Yields
0,65.0,67.73886
1,50.0,57.989815
2,83.0,57.538715
3,65.0,59.909134
4,90.0,58.309883
5,60.0,59.363815
6,58.0,58.3558
7,37.0,62.566048
8,36.0,63.79585
9,75.0,59.363815
