,Yields,Predicted Yields
0,65.0,70.3873
1,50.0,52.870243
2,83.0,76.7846
3,65.0,55.236637
4,90.0,48.060555
5,60.0,53.020416
6,58.0,62.165394
7,37.0,70.4108
8,36.0,52.866024
9,75.0,53.020416
