,Yields,Predicted Yields
0,65.0,71.29067082977222
1,50.0,60.05432205058443
2,83.0,87.22669292150059
3,65.0,67.95165356865357
4,90.0,72.79774334815511
5,60.0,62.61081147412958
6,58.0,65.90108255925361
7,37.0,71.68
8,36.0,61.76336278762518
9,75.0,62.61081147412958
