,Yields,Predicted Yields
0,82.0,64.64844056185774
1,80.0,64.64844056185774
2,98.0,64.64844056185774
3,83.0,64.64844056185774
4,64.0,64.64844056185774
5,96.0,67.42969056185774
6,99.0,64.64844056185774
7,0.0,64.64844056185774
8,72.0,64.64844056185774
9,1.0,64.64844056185774
