,Yields,Predicted Yields
0,65.0,70.67967
1,50.0,56.243713
2,83.0,58.784237
3,65.0,63.17738
4,90.0,61.06966
5,60.0,57.552265
6,58.0,59.202236
7,37.0,66.9219
8,36.0,61.98436
9,75.0,57.552265
