,Yields,Predicted Yields
0,65.0,67.469574
1,50.0,60.853474
2,83.0,63.608658
3,65.0,58.949722
4,90.0,65.97313
5,60.0,62.89975
6,58.0,62.167248
7,37.0,62.462856
8,36.0,56.856808
9,75.0,58.95739
