,Yields,Predicted Yields
0,65.0,78.2724358974359
1,50.0,56.989102564102566
2,83.0,70.23166666666667
3,65.0,69.16166666666666
4,90.0,80.72521367521368
5,60.0,76.25021367521367
6,58.0,76.25021367521367
7,37.0,49.75952380952381
8,36.0,56.989102564102566
9,75.0,50.03333333333333
