,Yields,Predicted Yields
0,65.0,78.34808159650807
1,50.0,71.67212200054848
2,83.0,79.91379224941726
3,65.0,72.56875632700633
4,90.0,83.79470382395382
5,60.0,73.61895641613292
6,58.0,74.6489791850307
7,37.0,66.31
8,36.0,72.8636895996161
9,75.0,43.56799567099568
