,Yields,Predicted Yields
0,65.0,66.99693564605329
1,50.0,55.21075917546506
2,83.0,92.2
3,65.0,67.5
4,90.0,69.45333333333333
5,60.0,59.95493646875999
6,58.0,60.58434823346587
7,37.0,76.3
8,36.0,56.510759175465054
9,75.0,59.95493646875999
