,Yields,Predicted Yields
0,65.0,81.30182236064589
1,50.0,68.75969781852135
2,83.0,72.56166666666665
3,65.0,73.675
4,90.0,82.94426739926742
5,60.0,76.50722852311087
6,58.0,78.59230788819025
7,37.0,63.33380952380952
8,36.0,68.75969781852135
9,75.0,49.30974358974359
