,Yields,Predicted Yields
0,65.0,67.352936
1,50.0,60.75615
2,83.0,63.29583
3,65.0,58.73716
4,90.0,65.27361
5,60.0,62.86579
6,58.0,62.03641
7,37.0,61.445618
8,36.0,56.80417
9,75.0,58.996742
