,Yields,Predicted Yields
0,82.0,64.2024948749059
1,80.0,67.31018571428571
2,98.0,64.2024948749059
3,83.0,65.28218571428572
4,64.0,64.2024948749059
5,96.0,81.55664481351978
6,99.0,62.601264210544336
7,0.0,61.55692635696011
8,72.0,64.2024948749059
9,1.0,64.2024948749059
