,Yields,Predicted Yields
0,65,36.116
1,50,57.33287159164365
2,83,49.25089826839826
3,65,68.16201923076923
4,90,49.390780798149216
5,60,64.63740708036374
6,58,62.26386996336997
7,37,62.50055427578956
8,36,34.8602782691165
9,75,64.63740708036374
