,Yields,Predicted Yields
0,65,39.65858516483516
1,50,55.55877973325264
2,83,40.6405
3,65,70.21548064680418
4,90,43.33
5,60,63.62981910809345
6,58,67.25906150793652
7,37,66.01895833333334
8,36,30.747832278016105
9,75,63.62981910809345
