,Yields,Predicted Yields
0,65.0,78.59948903465812
1,50.0,70.07079686571596
2,83.0,84.50222077922076
3,65.0,74.03279354958767
4,90.0,84.16261064915476
5,60.0,74.11529323046231
6,58.0,75.71181185073092
7,37.0,65.24
8,36.0,71.93776084617994
9,75.0,46.852365759240755
