,Yields,Predicted Yields
0,65.0,72.16915966386554
1,50.0,45.848104575163404
2,83.0,82.40042016806723
3,65.0,84.74571428571429
4,90.0,80.66952380952381
5,60.0,62.61056317263747
6,58.0,70.21915966386555
7,37.0,56.993333333333325
8,36.0,45.848104575163404
9,75.0,62.61056317263747
