,Yields,Predicted Yields
0,96.0,54.66488888888889
1,89.0,66.16
2,75.0,67.48377777777779
3,66.0,51.23444444444445
4,47.0,48.26444444444444
5,94.0,71.59933333333333
6,7.0,59.500444444444426
7,10.0,24.444444444444443
8,80.0,61.32888888888888
