,Yields,Predicted Yields
0,61.0,68.17256763138548
1,85.0,76.71625007381407
2,74.0,70.5386284865805
3,11.0,67.40972369622422
4,70.0,76.448246533237
5,81.0,74.31797039760792
6,77.0,75.06326276482675
7,77.0,76.24671548422063
8,63.0,67.72516841241276
9,73.0,26.626666666666665
10,75.0,68.45124555958043
11,31.0,43.31625286195287
12,12.0,12.92496904589804
