,Yields,Predicted Yields
0,2.0,35.5
1,25.0,59.9
2,63.0,76.88285714285715
3,29.0,67.0
4,87.0,67.9
5,95.0,72.92095238095237
6,74.0,73.91006493506492
7,23.0,8.8
8,75.0,75.2
9,38.0,45.07142857142857
10,92.0,56.278160173160174
11,65.0,48.1
12,46.0,68.44952380952381
