,Yields,Predicted Yields
0,65.0,57.246448288553566
1,50.0,42.08301587301587
2,83.0,86.07285714285713
3,65.0,77.56785714285715
4,90.0,74.84396103896104
5,60.0,55.14644828855355
6,58.0,55.14644828855355
7,37.0,61.261190476190485
8,36.0,42.08301587301587
9,75.0,55.14644828855355
