,Yields,Predicted Yields
0,65.0,66.826004
1,50.0,60.96257
2,83.0,62.695305
3,65.0,58.040855
4,90.0,63.811222
5,60.0,62.819565
6,58.0,61.85995
7,37.0,57.68667
8,36.0,57.022446
9,75.0,58.97817
