,Yields,Predicted Yields
0,65.0,79.31725038441951
1,50.0,74.92205930180933
2,83.0,85.83378144078144
3,65.0,75.0257434885376
4,90.0,85.26628503441003
5,60.0,76.15809012800925
6,58.0,77.8243263917455
7,37.0,62.72
8,36.0,76.49230401134814
9,75.0,44.589354978354976
