,Yields,Predicted Yields
0,65.0,66.34244
1,50.0,60.430588
2,83.0,62.24063
3,65.0,58.026894
4,90.0,63.67475
5,60.0,62.398582
6,58.0,61.453106
7,37.0,56.507004
8,36.0,56.70192
9,75.0,58.39668
