,Yields,Predicted Yields
0,65.0,73.81010767955814
1,50.0,65.00595816159245
2,83.0,90.04658333333333
3,65.0,66.07854982517482
4,90.0,69.91334355921856
5,60.0,63.87413809633778
6,58.0,67.49843668796804
7,37.0,68.53
8,36.0,67.13531660870089
9,75.0,63.87413809633778
