,Yields,Predicted Yields
0,65.0,77.64562046858372
1,50.0,71.07173831723831
2,83.0,79.01029445554447
3,65.0,69.83502566877567
4,90.0,83.63692066267068
5,60.0,74.0367235599368
6,58.0,74.75924920096244
7,37.0,70.82
8,36.0,73.0049761904762
9,75.0,41.60060927960928
