,Yields,Predicted Yields
0,65.0,69.15558
1,50.0,52.569965
2,83.0,80.149635
3,65.0,56.38632
4,90.0,50.772644
5,60.0,52.780293
6,58.0,60.172802
7,37.0,70.246254
8,36.0,52.6006
9,75.0,52.78029
