,Yields,Predicted Yields
0,65.0,72.99840569724394
1,50.0,59.78229713913537
2,83.0,73.97026473526475
3,65.0,73.60026545676544
4,90.0,80.32172000221998
5,60.0,72.32570151253975
6,58.0,75.33342842451665
7,37.0,61.10061904761905
8,36.0,59.65229713913537
9,75.0,44.74515506715507
