,Yields,Predicted Yields
0,65,30.314736842105262
1,50,53.56804653679654
2,83,41.26
3,65,78.76
4,90,40.48667623604465
5,60,60.88066870762536
6,58,54.84762362637363
7,37,65.4
8,36,24.94303427781369
9,75,60.88066870762536
