,Yields,Predicted Yields
0,65.0,80.08356829573934
1,50.0,52.71523496240601
2,83.0,86.848984962406
3,65.0,66.5680402930403
4,90.0,76.30571573163678
5,60.0,63.79015407107512
6,58.0,74.81148496240601
7,37.0,73.875
8,36.0,54.01523496240601
9,75.0,63.79015407107512
