,Yields,Predicted Yields
0,65,42.950718954248366
1,50,45.17728164465395
2,83,53.579527777777784
3,65,72.4305701754386
4,90,50.701170634920636
5,60,62.144735153262616
6,58,58.44655197653225
7,37,62.26117647058823
8,36,36.39380839615322
9,75,62.144735153262616
