,Yields,Predicted Yields
0,65.0,79.67990731490731
1,50.0,77.23684593511067
2,83.0,79.80773809523811
3,65.0,74.108598293863
4,90.0,82.88796897546898
5,60.0,75.45620618597088
6,58.0,76.17787285263756
7,37.0,59.279063492063486
8,36.0,78.29248085574558
9,75.0,41.406920634920645
