,Yields,Predicted Yields
0,65.0,68.345276
1,50.0,57.371784
2,83.0,57.661934
3,65.0,60.087563
4,90.0,58.610706
5,60.0,58.752876
6,58.0,58.457726
7,37.0,63.771595
8,36.0,63.272583
9,75.0,58.752876
