,Yields,Predicted Yields
0,65.0,66.91601
1,50.0,60.78605
2,83.0,62.808224
3,65.0,58.22783
4,90.0,64.410545
5,60.0,62.760178
6,58.0,61.814156
7,37.0,57.87062
8,36.0,56.749855
9,75.0,58.80429
