,Yields,Predicted Yields
0,65.0,70.30207
1,50.0,52.994083
2,83.0,75.6573
3,65.0,55.455273
4,90.0,46.708
5,60.0,53.122654
6,58.0,62.984943
7,37.0,70.419266
8,36.0,52.974888
9,75.0,53.12265
