,Yields,Predicted Yields
0,65.0,69.79249
1,50.0,55.27435
2,83.0,68.20513
3,65.0,62.745285
4,90.0,70.5971
5,60.0,63.36136
6,58.0,63.413864
7,37.0,65.43918
8,36.0,54.14312
9,75.0,59.772118
