,Yields,Predicted Yields
0,65.0,68.564445
1,50.0,57.81048
2,83.0,65.63034
3,65.0,60.286655
4,90.0,68.11281
5,60.0,63.052776
6,58.0,62.65268
7,37.0,66.046524
8,36.0,55.16473
9,75.0,59.02696
