,Yields,Predicted Yields
0,82.0,63.84805719253088
1,80.0,65.57568877147824
2,98.0,63.84805719253088
3,83.0,65.57568877147824
4,64.0,63.84805719253088
5,96.0,65.57568877147824
6,99.0,65.57568877147824
7,0.0,63.84805719253088
8,72.0,63.84805719253088
9,1.0,63.84805719253088
