,Yields,Predicted Yields
0,65.0,69.34397
1,50.0,52.96437
2,83.0,76.02857
3,65.0,55.398804
4,90.0,48.018715
5,60.0,53.102287
6,58.0,62.51564
7,37.0,70.47764
8,36.0,52.93953
9,75.0,53.10229
