,Yields,Predicted Yields
0,82.0,63.68805711832029
1,80.0,67.51588345864661
2,98.0,63.68805711832029
3,83.0,63.615883458646614
4,64.0,63.68805711832029
5,96.0,79.75454545454545
6,99.0,58.32459557985874
7,0.0,60.19126224652541
8,72.0,63.68805711832029
9,1.0,63.68805711832029
