,Yields,Predicted Yields
0,65.0,75.2444106204253
1,50.0,65.54739597902098
2,83.0,87.41266968325792
3,65.0,65.49486663255047
4,90.0,70.0475681638623
5,60.0,63.29002031628501
6,58.0,69.20866902868372
7,37.0,71.01
8,36.0,68.02661286507609
9,75.0,63.29002031628501
