,Yields,Predicted Yields
0,65.0,69.687744
1,50.0,52.6944
2,83.0,78.29024
3,65.0,56.050827
4,90.0,49.20687
5,60.0,52.86431
6,58.0,61.11292
7,37.0,70.4137
8,36.0,52.694942
9,75.0,52.864315
