,Yields,Predicted Yields
0,82,60.12307692307693
1,80,60.12307692307693
2,98,60.12307692307693
3,83,60.12307692307693
4,64,60.12307692307693
5,96,60.12307692307693
6,99,60.12307692307693
7,0,60.12307692307693
8,72,60.12307692307693
9,1,60.12307692307693
