,Yields,Predicted Yields
0,65.0,68.06302
1,50.0,59.741337
2,83.0,64.32332
3,65.0,59.476246
4,90.0,66.75136
5,60.0,62.94305
6,58.0,62.350033
7,37.0,64.4367
8,36.0,56.086323
9,75.0,58.65715
